{
  "library": "redux",
  "timestamp": "2025-08-21T02:28:35.152Z",
  "environment": {
    "platform": "win32",
    "nodeVersion": "v22.18.0",
    "isCI": false
  },
  "results": [
    {
      "testName": "Small State",
      "stateSize": 10,
      "iterations": 100000,
      "averages": {
        "creation": 0.016046666666666667,
        "singleUpdate": 0.0052,
        "avgUpdate": 0.00015368666666666666,
        "avgAccess": 0.000049192599999999994,
        "memoryKB": 61.175130208333336
      },
      "stats": {
        "creation": {
          "mean": 0.016046666666666667,
          "median": 0.0085,
          "min": 0.0015,
          "max": 0.1277,
          "stdDev": 0.030034399537123356
        },
        "singleUpdate": {
          "mean": 0.0052,
          "median": 0.0029,
          "min": 0.0016,
          "max": 0.024,
          "stdDev": 0.005430408210561461
        },
        "batchUpdate": {
          "mean": 0.15368666666666667,
          "median": 0.1231,
          "min": 0.0688,
          "max": 0.6139,
          "stdDev": 0.13967958985557705
        },
        "propertyAccess": {
          "mean": 4.9192599999999995,
          "median": 4.7607,
          "min": 4.7058,
          "max": 5.8228,
          "stdDev": 0.32924128700189875
        },
        "memoryKB": {
          "mean": 61.175130208333336,
          "median": 61.181640625,
          "min": 61.03515625,
          "max": 61.376953125,
          "stdDev": 0.0906796111795841
        }
      }
    },
    {
      "testName": "Medium State",
      "stateSize": 100,
      "iterations": 10000,
      "averages": {
        "creation": 0.0057666666666666665,
        "singleUpdate": 0.01324,
        "avgUpdate": 0.00014470666666666662,
        "avgAccess": 0.00005710066666666667,
        "memoryKB": 622.8580729166666
      },
      "stats": {
        "creation": {
          "mean": 0.0057666666666666665,
          "median": 0.0024,
          "min": 0.0008,
          "max": 0.0553,
          "stdDev": 0.013270903845966516
        },
        "singleUpdate": {
          "mean": 0.01324,
          "median": 0.0087,
          "min": 0.0058,
          "max": 0.0711,
          "stdDev": 0.015674556878372457
        },
        "batchUpdate": {
          "mean": 0.14470666666666662,
          "median": 0.122,
          "min": 0.1023,
          "max": 0.2333,
          "stdDev": 0.045333570587614454
        },
        "propertyAccess": {
          "mean": 0.5710066666666667,
          "median": 0.5583,
          "min": 0.531,
          "max": 0.7074,
          "stdDev": 0.0399983244093494
        },
        "memoryKB": {
          "mean": 622.8580729166666,
          "median": 622.802734375,
          "min": 622.509765625,
          "max": 623.4375,
          "stdDev": 0.2857546399395149
        }
      }
    },
    {
      "testName": "Large State",
      "stateSize": 1000,
      "iterations": 1000,
      "averages": {
        "creation": 0.0019200000000000003,
        "singleUpdate": 0.51768,
        "avgUpdate": 0.0006714933333333332,
        "avgAccess": 0.00013504666666666672,
        "memoryKB": 6413.499348958333
      },
      "stats": {
        "creation": {
          "mean": 0.0019200000000000003,
          "median": 0.0017,
          "min": 0.0012,
          "max": 0.0029,
          "stdDev": 0.0004650448007092076
        },
        "singleUpdate": {
          "mean": 0.51768,
          "median": 0.1344,
          "min": 0.1262,
          "max": 3.9399,
          "stdDev": 0.9339677533334151
        },
        "batchUpdate": {
          "mean": 0.6714933333333332,
          "median": 0.3738,
          "min": 0.3551,
          "max": 4.0512,
          "stdDev": 0.9098925734881501
        },
        "propertyAccess": {
          "mean": 0.1350466666666667,
          "median": 0.1342,
          "min": 0.1266,
          "max": 0.1472,
          "stdDev": 0.004918653835711106
        },
        "memoryKB": {
          "mean": 6413.499348958333,
          "median": 6413.37890625,
          "min": 6411.328125,
          "max": 6416.015625,
          "stdDev": 1.4356760441226057
        }
      }
    }
  ]
}