{
  "library": "substate",
  "timestamp": "2025-08-21T02:28:34.676Z",
  "environment": {
    "platform": "win32",
    "nodeVersion": "v22.18.0",
    "isCI": false
  },
  "results": [
    {
      "testName": "Small State",
      "stateSize": 10,
      "iterations": 100000,
      "averages": {
        "creation": 0.021280000000000004,
        "singleUpdate": 0.019260000000000003,
        "avgUpdate": 0.0006364466666666666,
        "avgAccess": 0.000056394399999999997,
        "memoryKB": 126
      },
      "stats": {
        "creation": {
          "mean": 0.021280000000000004,
          "median": 0.014,
          "min": 0.0062,
          "max": 0.1058,
          "stdDev": 0.023839636462552584
        },
        "singleUpdate": {
          "mean": 0.019260000000000003,
          "median": 0.0063,
          "min": 0.0042,
          "max": 0.1454,
          "stdDev": 0.03644010245137446
        },
        "batchUpdate": {
          "mean": 0.6364466666666666,
          "median": 0.5406,
          "min": 0.426,
          "max": 1.6172,
          "stdDev": 0.3026094333552005
        },
        "propertyAccess": {
          "mean": 5.63944,
          "median": 5.4617,
          "min": 5.3436,
          "max": 8.0835,
          "stdDev": 0.6592561705437426
        },
        "memoryKB": {
          "mean": 126,
          "median": 126,
          "min": 126,
          "max": 126,
          "stdDev": 0
        }
      }
    },
    {
      "testName": "Medium State",
      "stateSize": 100,
      "iterations": 10000,
      "averages": {
        "creation": 0.007893333333333334,
        "singleUpdate": 0.04505333333333333,
        "avgUpdate": 0.026339139999999997,
        "avgAccess": 0.00006617066666666668,
        "memoryKB": 1254.9333333333334
      },
      "stats": {
        "creation": {
          "mean": 0.007893333333333334,
          "median": 0.0078,
          "min": 0.0067,
          "max": 0.0129,
          "stdDev": 0.0014544032758794546
        },
        "singleUpdate": {
          "mean": 0.04505333333333333,
          "median": 0.0404,
          "min": 0.0302,
          "max": 0.0931,
          "stdDev": 0.014859244784158971
        },
        "batchUpdate": {
          "mean": 26.339139999999997,
          "median": 22.6967,
          "min": 21.8931,
          "max": 55.0922,
          "stdDev": 9.094338923586841
        },
        "propertyAccess": {
          "mean": 0.6617066666666668,
          "median": 0.6247,
          "min": 0.5875,
          "max": 1.1903,
          "stdDev": 0.14301303654640096
        },
        "memoryKB": {
          "mean": 1254.9333333333334,
          "median": 1255,
          "min": 1254,
          "max": 1256,
          "stdDev": 0.679869268479038
        }
      }
    },
    {
      "testName": "Large State",
      "stateSize": 1000,
      "iterations": 1000,
      "averages": {
        "creation": 0.008,
        "singleUpdate": 0.29638,
        "avgUpdate": 0.22804354666666665,
        "avgAccess": 0.00017941333333333333,
        "memoryKB": 12801.2
      },
      "stats": {
        "creation": {
          "mean": 0.008,
          "median": 0.0078,
          "min": 0.0069,
          "max": 0.01,
          "stdDev": 0.0008532291603080617
        },
        "singleUpdate": {
          "mean": 0.29638,
          "median": 0.2857,
          "min": 0.2604,
          "max": 0.4507,
          "stdDev": 0.0439067678913703
        },
        "batchUpdate": {
          "mean": 228.04354666666666,
          "median": 225.341,
          "min": 223.0462,
          "max": 246.1948,
          "stdDev": 6.810422829248969
        },
        "propertyAccess": {
          "mean": 0.17941333333333334,
          "median": 0.1789,
          "min": 0.1322,
          "max": 0.277,
          "stdDev": 0.03761343495200737
        },
        "memoryKB": {
          "mean": 12801.2,
          "median": 12801,
          "min": 12798,
          "max": 12805,
          "stdDev": 2.0720360357226735
        }
      }
    }
  ]
}